country_code,year,powertrain,registrations
AL,2019,BEV,24.0
AL,2019,Diesel,33064.0
AL,2019,HEV,5883.0
AL,2019,Other,3733.0
AL,2020,BEV,239.0
AL,2020,Diesel,32953.0
AL,2020,HEV,5820.0
AL,2020,Other,133.0
AL,2020,PHEV,4563.0
AL,2021,BEV,262.0
AL,2021,Diesel,42914.0
AL,2021,HEV,9769.0
AL,2021,Other,131.0
AL,2022,BEV,624.0
AL,2022,Diesel,36523.0
AL,2022,HEV,9156.0
AL,2022,Other,58.0
AL,2023,BEV,1671.0
AL,2023,Diesel,47440.0
AL,2023,HEV,13059.0
AL,2023,Other,171.0
AT,2015,BEV,1677.0
AT,2015,Diesel,180510.0
AT,2015,HEV,125243.0
AT,2015,Other,0.0
AT,2015,PHEV,1101.0
AT,2016,BEV,3826.0
AT,2016,Diesel,189139.0
AT,2016,HEV,135230.0
AT,2016,Other,0.0
AT,2016,PHEV,1237.0
AT,2017,BEV,5433.0
AT,2017,Diesel,175590.0
AT,2017,HEV,170273.0
AT,2017,Other,0.0
AT,2017,PHEV,1721.0
AT,2018,BEV,6757.0
AT,2018,Diesel,141159.0
AT,2018,HEV,191293.0
AT,2018,Other,0.0
AT,2018,PHEV,2258.0
AT,2019,BEV,9242.0
AT,2019,Diesel,130468.0
AT,2019,HEV,191055.0
AT,2019,Other,0.0
AT,2019,PHEV,2156.0
AT,2020,BEV,15972.0
AT,2020,Diesel,99196.0
AT,2020,HEV,133797.0
AT,2020,Other,0.0
AT,2020,PHEV,7641.0
AT,2021,BEV,33366.0
AT,2021,Diesel,71808.0
AT,2021,HEV,133448.0
AT,2021,Other,0.0
AT,2021,PHEV,14626.0
AT,2022,BEV,34165.0
AT,2022,Diesel,61537.0
AT,2022,HEV,119425.0
AT,2022,Other,0.0
AT,2022,PHEV,13268.0
AT,2023,BEV,47621.0
AT,2023,Diesel,61187.0
AT,2023,HEV,127984.0
AT,2023,Other,0.0
AT,2023,PHEV,16956.0
BA,2015,BEV,1.0
BA,2015,Diesel,3835.0
BA,2015,HEV,1825.0
BA,2015,Other,0.0
BA,2015,PHEV,0.0
BA,2016,BEV,0.0
BA,2016,Diesel,4932.0
BA,2016,HEV,2379.0
BA,2016,Other,1.0
BA,2017,BEV,7.0
BA,2017,Diesel,5123.0
BA,2017,HEV,2905.0
BA,2017,Other,0.0
BA,2017,PHEV,0.0
BA,2018,BEV,3.0
BA,2018,Diesel,5028.0
BA,2018,HEV,3348.0
BA,2018,Other,1.0
BA,2019,BEV,13.0
BA,2019,Diesel,4685.0
BA,2019,HEV,3869.0
BA,2019,Other,1.0
BA,2019,PHEV,0.0
BA,2020,BEV,8.0
BA,2020,Diesel,3481.0
BA,2020,HEV,2959.0
BA,2020,Other,3.0
BA,2021,BEV,28.0
BA,2021,Diesel,3385.0
BA,2021,HEV,3745.0
BA,2021,Other,1.0
BA,2021,PHEV,0.0
BA,2022,BEV,33.0
BA,2022,Diesel,3058.0
BA,2022,HEV,4719.0
BA,2022,Other,1.0
BA,2023,BEV,135.0
BA,2023,Diesel,3136.0
BA,2023,HEV,5687.0
BA,2023,Other,1.0
BE,2015,BEV,1360.0
BE,2015,Diesel,305838.0
BE,2015,HEV,200792.0
BE,2015,Other,5.0
BE,2016,BEV,2061.0
BE,2016,Diesel,285653.0
BE,2016,HEV,257377.0
BE,2016,Other,4.0
BE,2017,BEV,2717.0
BE,2017,Diesel,259790.0
BE,2017,HEV,289318.0
BE,2017,Other,2.0
BE,2018,BEV,3763.0
BE,2018,Diesel,202272.0
BE,2018,HEV,348533.0
BE,2018,Other,1.0
BE,2019,BEV,8892.0
BE,2019,Diesel,179716.0
BE,2019,HEV,371741.0
BE,2019,Other,4.0
BE,2020,BEV,15044.0
BE,2020,Diesel,151970.0
BE,2020,HEV,283103.0
BE,2020,Other,3.0
BE,2021,BEV,22774.0
BE,2021,Diesel,103914.0
BE,2021,HEV,284336.0
BE,2021,Other,1.0
BE,2022,BEV,37760.0
BE,2022,Diesel,70559.0
BE,2022,HEV,279182.0
BE,2022,Other,0.0
BE,2023,BEV,93482.0
BE,2023,Diesel,50855.0
BE,2023,HEV,248013.0
BE,2023,Other,1.0
BE,2023,PHEV,100308.0
BG,2015,BEV,10.0
BG,2015,Other,116.0
BG,2016,BEV,11.0
BG,2016,Other,502.0
BG,2017,BEV,13.0
BG,2017,Other,465.0
BG,2018,BEV,145.0
BG,2019,BEV,188.0
BG,2019,Other,1769.0
BG,2020,BEV,277.0
BG,2021,BEV,550.0
BG,2022,BEV,1021.0
BG,2022,Diesel,5330.0
BG,2022,HEV,22055.0
BG,2022,Other,21.0
BG,2022,PHEV,141.0
BG,2023,BEV,1754.0
BG,2023,Diesel,6032.0
BG,2023,HEV,29306.0
BG,2023,Other,28.0
BG,2023,PHEV,355.0
CH,2015,BEV,3882.0
CH,2015,Diesel,132789.0
CH,2015,HEV,188458.0
CH,2015,Other,36.0
CH,2015,PHEV,5855.0
CH,2016,BEV,3525.0
CH,2016,Diesel,130457.0
CH,2016,HEV,186497.0
CH,2016,Other,7.0
CH,2016,PHEV,2820.0
CH,2017,BEV,4929.0
CH,2017,Diesel,118800.0
CH,2017,HEV,192172.0
CH,2017,Other,7.0
CH,2017,PHEV,3371.0
CH,2018,BEV,5349.0
CH,2018,Diesel,95612.0
CH,2018,HEV,199713.0
CH,2018,Other,4.0
CH,2018,PHEV,4030.0
CH,2019,BEV,13177.0
CH,2019,Diesel,88965.0
CH,2019,HEV,214291.0
CH,2019,Other,7.0
CH,2019,PHEV,4209.0
CH,2020,BEV,19753.0
CH,2020,Diesel,64475.0
CH,2020,HEV,151892.0
CH,2020,Other,3.0
CH,2020,PHEV,14293.0
CH,2021,BEV,32025.0
CH,2021,Diesel,51670.0
CH,2021,HEV,155298.0
CH,2021,Other,8.0
CH,2021,PHEV,21803.0
CH,2022,BEV,40518.0
CH,2022,Diesel,45069.0
CH,2022,HEV,144359.0
CH,2022,Other,4.0
CH,2022,PHEV,17813.0
CH,2023,BEV,52947.0
CH,2023,Diesel,44501.0
CH,2023,HEV,161715.0
CH,2023,Other,3.0
CH,2023,PHEV,17377.0
CY,2015,BEV,4.0
CY,2015,Diesel,4157.0
CY,2015,HEV,5917.0
CY,2015,Other,0.0
CY,2016,BEV,7.0
CY,2016,Diesel,5327.0
CY,2016,HEV,7134.0
CY,2016,Other,0.0
CY,2017,BEV,18.0
CY,2017,Diesel,5450.0
CY,2017,HEV,7650.0
CY,2017,Other,0.0
CY,2018,BEV,5.0
CY,2018,Diesel,5264.0
CY,2018,HEV,7857.0
CY,2018,Other,0.0
CY,2019,BEV,58.0
CY,2019,Diesel,4532.0
CY,2019,HEV,8011.0
CY,2019,Other,0.0
CY,2020,BEV,42.0
CY,2020,Diesel,3065.0
CY,2020,HEV,7130.0
CY,2020,Other,0.0
CY,2021,BEV,78.0
CY,2021,Diesel,1460.0
CY,2021,HEV,8987.0
CY,2021,Other,2.0
CY,2021,PHEV,84.0
CY,2022,BEV,401.0
CY,2022,Diesel,541.0
CY,2022,HEV,10402.0
CY,2022,Other,2.0
CY,2022,PHEV,231.0
CY,2023,BEV,788.0
CY,2023,Diesel,443.0
CY,2023,HEV,12895.0
CY,2023,Other,0.0
CY,2023,PHEV,511.0
CZ,2015,BEV,312.0
CZ,2016,BEV,210.0
CZ,2017,BEV,376.0
CZ,2018,BEV,731.0
CZ,2019,BEV,778.0
CZ,2020,BEV,3264.0
CZ,2021,BEV,3172.0
CZ,2021,Diesel,56933.0
CZ,2021,HEV,142560.0
CZ,2021,Other,0.0
CZ,2022,BEV,3786.0
CZ,2022,Diesel,46078.0
CZ,2022,HEV,120594.0
CZ,2022,Other,3991.0
CZ,2022,PHEV,3447.0
CZ,2023,BEV,6567.0
CZ,2023,Diesel,54687.0
CZ,2023,HEV,146582.0
CZ,2023,Other,3622.0
CZ,2023,PHEV,5251.0
DE,2015,BEV,12363.0
DE,2015,Diesel,1538451.0
DE,2015,Other,38554.0
DE,2016,BEV,11410.0
DE,2016,Diesel,1539596.0
DE,2016,Other,51053.0
DE,2017,BEV,25056.0
DE,2017,Diesel,1336195.0
DE,2017,HEV,2041725.0
DE,2017,Other,4425.0
DE,2017,PHEV,29435.0
DE,2018,BEV,36062.0
DE,2018,Diesel,1129025.0
DE,2018,HEV,2241515.0
DE,2018,Other,4691.0
DE,2018,PHEV,31422.0
DE,2019,BEV,63281.0
DE,2019,Diesel,1230267.0
DE,2019,HEV,2330792.0
DE,2019,Other,7373.0
DE,2019,PHEV,45246.0
DE,2020,BEV,194163.0
DE,2020,Diesel,949336.0
DE,2020,HEV,1689117.0
DE,2020,Other,6638.0
DE,2020,PHEV,200394.0
DE,2021,BEV,355961.0
DE,2021,Diesel,691261.0
DE,2021,HEV,1401720.0
DE,2021,Other,10186.0
DE,2021,PHEV,325437.0
DE,2022,BEV,470559.0
DE,2022,Diesel,642418.0
DE,2022,HEV,1328670.0
DE,2022,Other,15080.0
DE,2022,PHEV,362092.0
DE,2023,BEV,524219.0
DE,2023,Diesel,703839.0
DE,2023,HEV,1643235.0
DE,2023,Other,13257.0
DE,2023,PHEV,175723.0
DK,2015,BEV,1265.0
DK,2015,Diesel,64203.0
DK,2015,HEV,137698.0
DK,2015,Other,0.0
DK,2015,PHEV,406.0
DK,2016,BEV,1265.0
DK,2016,Diesel,80216.0
DK,2016,HEV,140371.0
DK,2016,Other,0.0
DK,2016,PHEV,572.0
DK,2017,BEV,691.0
DK,2017,Diesel,77493.0
DK,2017,HEV,142607.0
DK,2017,Other,0.0
DK,2017,PHEV,621.0
DK,2018,BEV,1544.0
DK,2018,Diesel,72475.0
DK,2018,HEV,141318.0
DK,2018,Other,0.0
DK,2018,PHEV,3126.0
DK,2019,BEV,5501.0
DK,2019,Diesel,60475.0
DK,2019,HEV,155863.0
DK,2019,Other,0.0
DK,2019,PHEV,3880.0
DK,2020,BEV,14218.0
DK,2020,Diesel,46295.0
DK,2020,HEV,121772.0
DK,2020,Other,0.0
DK,2020,PHEV,18235.0
DK,2021,BEV,24876.0
DK,2021,Diesel,26648.0
DK,2021,HEV,97292.0
DK,2021,Other,0.0
DK,2021,PHEV,40445.0
DK,2022,BEV,30799.0
DK,2022,Diesel,17441.0
DK,2022,HEV,81933.0
DK,2022,Other,0.0
DK,2022,PHEV,26443.0
DK,2023,BEV,62576.0
DK,2023,Diesel,15258.0
DK,2023,HEV,85449.0
DK,2023,Other,0.0
DK,2023,PHEV,17218.0
EE,2015,BEV,30.0
EE,2015,Diesel,6949.0
EE,2015,HEV,14069.0
EE,2015,Other,0.0
EE,2016,BEV,32.0
EE,2016,Diesel,6393.0
EE,2016,HEV,16593.0
EE,2016,Other,0.0
EE,2017,BEV,26.0
EE,2017,Diesel,6409.0
EE,2017,HEV,19178.0
EE,2017,Other,0.0
EE,2018,BEV,83.0
EE,2018,Diesel,6527.0
EE,2018,HEV,19759.0
EE,2018,Other,0.0
EE,2019,BEV,77.0
EE,2019,Diesel,6414.0
EE,2019,HEV,20744.0
EE,2019,Other,0.0
EE,2020,BEV,344.0
EE,2020,Diesel,5123.0
EE,2020,HEV,13424.0
EE,2020,Other,0.0
EE,2021,BEV,487.0
EE,2021,Diesel,5242.0
EE,2021,HEV,17166.0
EE,2021,Other,0.0
EE,2021,PHEV,240.0
EE,2022,BEV,693.0
EE,2022,Diesel,4256.0
EE,2022,HEV,15853.0
EE,2022,Other,0.0
EE,2022,PHEV,391.0
EE,2023,BEV,1448.0
EE,2023,Diesel,4114.0
EE,2023,HEV,18049.0
EE,2023,Other,0.0
EE,2023,PHEV,555.0
EL,2015,BEV,32.0
EL,2016,BEV,20.0
EL,2017,BEV,37.0
EL,2018,BEV,77.0
EL,2019,BEV,188.0
EL,2020,BEV,678.0
EL,2021,BEV,2174.0
EL,2021,Diesel,18717.0
EL,2021,HEV,77702.0
EL,2022,BEV,2826.0
EL,2022,Diesel,18602.0
EL,2022,HEV,81636.0
EL,2023,BEV,6377.0
EL,2023,Diesel,19785.0
EL,2023,HEV,97784.0
EL,2023,Other,0.0
EL,2023,PHEV,8836.0
ES,2015,BEV,2620.0
ES,2015,Diesel,658757.0
ES,2015,HEV,383870.0
ES,2015,Other,2336.0
ES,2015,PHEV,66.0
ES,2016,BEV,2085.0
ES,2016,Diesel,725997.0
ES,2016,HEV,496785.0
ES,2016,Other,904.0
ES,2016,PHEV,152.0
ES,2017,BEV,4038.0
ES,2017,Diesel,690660.0
ES,2017,HEV,635661.0
ES,2017,Other,1771.0
ES,2017,PHEV,517.0
ES,2018,BEV,6238.0
ES,2018,Diesel,573370.0
ES,2018,HEV,831111.0
ES,2018,Other,2900.0
ES,2018,PHEV,1915.0
ES,2019,BEV,10415.0
ES,2019,Diesel,455468.0
ES,2019,HEV,883921.0
ES,2019,Other,2287.0
ES,2019,PHEV,5588.0
ES,2020,BEV,18217.0
ES,2020,Diesel,332422.0
ES,2020,HEV,566348.0
ES,2020,Other,482.0
ES,2020,PHEV,22602.0
ES,2021,BEV,24400.0
ES,2021,Diesel,265643.0
ES,2021,HEV,610936.0
ES,2021,Other,260.0
ES,2021,PHEV,43096.0
ES,2022,BEV,31737.0
ES,2022,Diesel,205650.0
ES,2022,HEV,584880.0
ES,2022,Other,284.0
ES,2022,PHEV,48077.0
ES,2023,BEV,55388.0
ES,2023,Diesel,186368.0
ES,2023,HEV,694410.0
ES,2023,Other,459.0
ES,2023,PHEV,62780.0
FI,2015,BEV,243.0
FI,2015,Diesel,38844.0
FI,2015,HEV,69098.0
FI,2015,Other,0.0
FI,2015,PHEV,415.0
FI,2016,BEV,223.0
FI,2016,Diesel,39556.0
FI,2016,HEV,77937.0
FI,2016,Other,0.0
FI,2016,PHEV,1209.0
FI,2017,BEV,502.0
FI,2017,Diesel,36216.0
FI,2017,HEV,79036.0
FI,2017,Other,0.0
FI,2017,PHEV,2553.0
FI,2018,BEV,776.0
FI,2018,Diesel,29071.0
FI,2018,HEV,84924.0
FI,2018,Other,0.0
FI,2018,PHEV,4932.0
FI,2019,BEV,1897.0
FI,2019,Diesel,22022.0
FI,2019,HEV,83323.0
FI,2019,Other,0.0
FI,2019,PHEV,5967.0
FI,2020,BEV,4245.0
FI,2020,Diesel,14567.0
FI,2020,HEV,64323.0
FI,2020,Other,0.0
FI,2020,PHEV,13231.0
FI,2021,BEV,10153.0
FI,2021,Diesel,11252.0
FI,2021,HEV,58869.0
FI,2021,Other,0.0
FI,2021,PHEV,20144.0
FI,2022,BEV,14531.0
FI,2022,Diesel,7447.0
FI,2022,HEV,44955.0
FI,2022,Other,0.0
FI,2022,PHEV,16171.0
FI,2023,BEV,29537.0
FI,2023,Diesel,5277.0
FI,2023,HEV,35525.0
FI,2023,Other,0.0
FI,2023,PHEV,18087.0
FR,2015,BEV,17269.0
FR,2015,Diesel,1089403.0
FR,2015,HEV,790928.0
FR,2015,Other,46.0
FR,2015,PHEV,5677.0
FR,2016,BEV,21758.0
FR,2016,Diesel,1032695.0
FR,2016,HEV,925661.0
FR,2016,Other,130.0
FR,2016,PHEV,7479.0
FR,2017,BEV,25368.0
FR,2017,Diesel,1014418.0
FR,2017,HEV,1105885.0
FR,2017,Other,113.0
FR,2017,PHEV,12089.0
FR,2018,BEV,31687.0
FR,2018,Diesel,859623.0
FR,2018,HEV,1318215.0
FR,2018,Other,12.0
FR,2018,PHEV,14753.0
FR,2019,BEV,43564.0
FR,2019,Diesel,773411.0
FR,2019,HEV,1432322.0
FR,2019,Other,4.0
FR,2019,PHEV,18789.0
FR,2020,BEV,112499.0
FR,2020,Diesel,539142.0
FR,2020,HEV,976034.0
FR,2020,Other,2.0
FR,2020,PHEV,74961.0
FR,2021,BEV,165566.0
FR,2021,Diesel,399164.0
FR,2021,HEV,1000395.0
FR,2021,Other,1.0
FR,2021,PHEV,141242.0
FR,2022,BEV,207171.0
FR,2022,Diesel,273570.0
FR,2022,HEV,953416.0
FR,2022,Other,1.0
FR,2022,PHEV,127436.0
FR,2023,BEV,303590.0
FR,2023,Diesel,223258.0
FR,2023,HEV,1114874.0
FR,2023,Other,4.0
FR,2023,PHEV,162836.0
GE,2017,BEV,83.0
GE,2017,Diesel,680.0
GE,2017,HEV,1968.0
GE,2018,BEV,21.0
GE,2018,Diesel,1242.0
GE,2018,HEV,2168.0
GE,2018,Other,1.0
GE,2019,BEV,22.0
GE,2019,Diesel,994.0
GE,2019,HEV,1379.0
GE,2019,Other,1.0
GE,2020,BEV,22.0
GE,2020,Diesel,994.0
GE,2020,HEV,1379.0
GE,2020,Other,1.0
GE,2021,BEV,43.0
GE,2021,Diesel,1358.0
GE,2021,HEV,2149.0
GE,2021,Other,1.0
GE,2022,BEV,206.0
GE,2022,Diesel,1760.0
GE,2022,HEV,3453.0
GE,2023,BEV,245.0
GE,2023,Diesel,1514.0
GE,2023,HEV,4663.0
GE,2023,Other,0.0
HR,2015,BEV,80.0
HR,2015,Other,466.0
HR,2016,BEV,66.0
HR,2016,Other,503.0
HR,2017,BEV,55.0
HR,2017,Other,664.0
HR,2018,BEV,182.0
HR,2018,Other,1085.0
HR,2019,BEV,279.0
HR,2019,Other,1922.0
HR,2020,BEV,639.0
HR,2020,Other,1.0
HR,2021,BEV,1121.0
HR,2021,Diesel,8904.0
HR,2021,HEV,23426.0
HR,2021,Other,1.0
HR,2022,BEV,1062.0
HR,2022,Diesel,7788.0
HR,2022,HEV,25929.0
HR,2022,Other,1.0
HR,2022,PHEV,689.0
HR,2023,BEV,1125.0
HR,2023,Diesel,9219.0
HR,2023,HEV,31451.0
HR,2023,Other,1.0
HR,2023,PHEV,783.0
HU,2015,BEV,116.0
HU,2015,Diesel,32271.0
HU,2015,HEV,44879.0
HU,2015,Other,10.0
HU,2016,BEV,176.0
HU,2016,Diesel,34700.0
HU,2016,HEV,61765.0
HU,2016,Other,11.0
HU,2017,BEV,749.0
HU,2017,Diesel,37039.0
HU,2017,HEV,78475.0
HU,2017,Other,9.0
HU,2018,BEV,1300.0
HU,2018,Diesel,32655.0
HU,2018,HEV,102965.0
HU,2018,Other,0.0
HU,2019,BEV,1834.0
HU,2019,Diesel,32299.0
HU,2019,HEV,124984.0
HU,2019,Other,1.0
HU,2020,BEV,3047.0
HU,2020,Diesel,31606.0
HU,2020,HEV,94076.0
HU,2020,Other,1.0
HU,2020,PHEV,2996.0
HU,2021,BEV,4313.0
HU,2021,Diesel,27065.0
HU,2021,HEV,93712.0
HU,2021,Other,0.0
HU,2021,PHEV,4236.0
HU,2022,BEV,4707.0
HU,2022,Diesel,20567.0
HU,2022,HEV,86830.0
HU,2022,Other,2.0
HU,2022,PHEV,4876.0
HU,2023,BEV,5807.0
HU,2023,Diesel,19836.0
HU,2023,HEV,82843.0
HU,2023,Other,40.0
HU,2023,PHEV,5542.0
IE,2015,BEV,494.0
IE,2015,Diesel,92436.0
IE,2015,Other,1718.0
IE,2016,BEV,402.0
IE,2016,Diesel,105257.0
IE,2016,Other,2943.0
IE,2017,BEV,631.0
IE,2017,Diesel,87644.0
IE,2017,HEV,44978.0
IE,2017,PHEV,330.0
IE,2018,BEV,1252.0
IE,2018,Diesel,70743.0
IE,2018,HEV,55818.0
IE,2018,Other,0.0
IE,2018,PHEV,747.0
IE,2019,BEV,3665.0
IE,2019,Diesel,59884.0
IE,2019,HEV,61108.0
IE,2019,Other,1.0
IE,2019,PHEV,1451.0
IE,2020,BEV,4075.0
IE,2020,Diesel,41688.0
IE,2020,HEV,44668.0
IE,2020,PHEV,2516.0
IE,2021,BEV,9199.0
IE,2021,Diesel,40292.0
IE,2021,HEV,53359.0
IE,2021,Other,316.0
IE,2021,PHEV,7969.0
IE,2022,BEV,15872.0
IE,2022,Diesel,31336.0
IE,2022,HEV,53385.0
IE,2022,Other,725.0
IE,2022,PHEV,7835.0
IE,2023,BEV,23181.0
IE,2023,Diesel,32255.0
IE,2023,HEV,62361.0
IE,2023,Other,0.0
IE,2023,PHEV,10485.0
IS,2017,BEV,845.0
IS,2017,Diesel,11091.0
IS,2017,HEV,11595.0
IS,2017,PHEV,2184.0
IS,2018,BEV,784.0
IS,2018,Diesel,8219.0
IS,2018,HEV,9434.0
IS,2018,Other,1.0
IS,2018,PHEV,2868.0
IS,2019,BEV,1090.0
IS,2019,Diesel,4253.0
IS,2019,HEV,6481.0
IS,2019,PHEV,1959.0
IS,2020,BEV,2551.0
IS,2020,Diesel,2327.0
IS,2020,HEV,2551.0
IS,2020,PHEV,2360.0
IS,2021,BEV,4246.0
IS,2021,Diesel,2584.0
IS,2021,HEV,4713.0
IS,2021,PHEV,4897.0
IS,2022,BEV,5567.0
IS,2022,Diesel,3107.0
IS,2022,HEV,4972.0
IS,2022,PHEV,3752.0
IS,2023,BEV,8783.0
IS,2023,Diesel,3039.0
IS,2023,HEV,4602.0
IS,2023,PHEV,1755.0
IT,2015,BEV,1576.0
IT,2015,Diesel,887074.0
IT,2015,HEV,521450.0
IT,2015,Other,120817.0
IT,2016,BEV,1497.0
IT,2016,Diesel,1058886.0
IT,2016,HEV,643165.0
IT,2016,Other,101619.0
IT,2017,BEV,2109.0
IT,2017,Diesel,1130434.0
IT,2017,HEV,700072.0
IT,2017,Other,130661.0
IT,2018,BEV,5198.0
IT,2018,Diesel,1000494.0
IT,2018,HEV,774685.0
IT,2018,Other,126778.0
IT,2019,BEV,10612.0
IT,2019,Diesel,793367.0
IT,2019,HEV,889685.0
IT,2019,Other,137096.0
IT,2020,BEV,30930.0
IT,2020,Diesel,505406.0
IT,2020,HEV,585470.0
IT,2020,Other,94989.0
IT,2021,BEV,69178.0
IT,2021,Diesel,403271.0
IT,2021,HEV,896119.0
IT,2021,Other,108090.0
IT,2021,PHEV,69834.0
IT,2022,BEV,48960.0
IT,2022,Diesel,323829.0
IT,2022,HEV,831466.0
IT,2022,Other,118415.0
IT,2022,PHEV,64632.0
IT,2023,BEV,65800.0
IT,2023,Diesel,357239.0
IT,2023,HEV,1027029.0
IT,2023,Other,141676.0
IT,2023,PHEV,69008.0
LI,2015,BEV,30.0
LI,2015,Diesel,937.0
LI,2015,HEV,1075.0
LI,2015,Other,0.0
LI,2016,BEV,46.0
LI,2016,Diesel,985.0
LI,2016,HEV,952.0
LI,2016,Other,1.0
LI,2017,BEV,57.0
LI,2017,Diesel,849.0
LI,2017,HEV,1119.0
LI,2017,Other,0.0
LI,2018,BEV,48.0
LI,2018,Diesel,644.0
LI,2018,HEV,1162.0
LI,2018,Other,0.0
LI,2019,BEV,97.0
LI,2019,Diesel,663.0
LI,2019,HEV,1228.0
LI,2019,Other,0.0
LI,2020,BEV,164.0
LI,2020,Diesel,422.0
LI,2020,HEV,973.0
LI,2020,Other,0.0
LI,2021,BEV,292.0
LI,2021,Diesel,355.0
LI,2021,HEV,1081.0
LI,2021,Other,0.0
LI,2022,BEV,317.0
LI,2022,Diesel,315.0
LI,2022,HEV,1005.0
LI,2022,Other,0.0
LI,2023,BEV,338.0
LI,2023,Diesel,294.0
LI,2023,HEV,1011.0
LI,2023,Other,0.0
LI,2023,PHEV,65.0
LT,2015,BEV,26.0
LT,2015,Diesel,7690.0
LT,2015,HEV,6002.0
LT,2015,Other,39.0
LT,2016,BEV,62.0
LT,2016,Diesel,7587.0
LT,2016,HEV,8734.0
LT,2016,Other,19.0
LT,2017,BEV,43.0
LT,2017,Diesel,7865.0
LT,2017,HEV,11162.0
LT,2017,Other,13.0
LT,2018,BEV,141.0
LT,2018,Diesel,7210.0
LT,2018,HEV,14224.0
LT,2018,Other,103.0
LT,2019,BEV,175.0
LT,2019,Diesel,7262.0
LT,2019,HEV,17919.0
LT,2019,Other,255.0
LT,2020,BEV,480.0
LT,2020,Diesel,7042.0
LT,2020,HEV,32927.0
LT,2020,Other,434.0
LT,2021,BEV,1277.0
LT,2021,Diesel,4706.0
LT,2021,HEV,22392.0
LT,2021,Other,334.0
LT,2021,PHEV,400.0
LT,2022,BEV,1507.0
LT,2022,Diesel,3183.0
LT,2022,HEV,19126.0
LT,2022,Other,370.0
LT,2022,PHEV,740.0
LT,2023,BEV,2210.0
LT,2023,Diesel,3684.0
LT,2023,HEV,20678.0
LT,2023,Other,5.0
LT,2023,PHEV,787.0
LU,2015,BEV,73.0
LU,2015,Diesel,32934.0
LU,2015,HEV,13489.0
LU,2015,PHEV,25.0
LU,2016,BEV,145.0
LU,2016,Diesel,32780.0
LU,2016,HEV,17582.0
LU,2016,PHEV,108.0
LU,2017,BEV,386.0
LU,2017,Diesel,28488.0
LU,2017,HEV,23231.0
LU,2017,PHEV,687.0
LU,2018,BEV,430.0
LU,2018,Diesel,24915.0
LU,2018,HEV,26896.0
LU,2018,PHEV,713.0
LU,2019,BEV,986.0
LU,2019,Diesel,23897.0
LU,2019,HEV,30082.0
LU,2019,Other,5.0
LU,2019,PHEV,913.0
LU,2020,BEV,2473.0
LU,2020,Diesel,18151.0
LU,2020,HEV,23386.0
LU,2020,Other,17.0
LU,2020,PHEV,2685.0
LU,2021,BEV,4649.0
LU,2021,Diesel,14569.0
LU,2021,HEV,24063.0
LU,2021,Other,0.0
LU,2021,PHEV,4444.0
LU,2022,BEV,6391.0
LU,2022,Diesel,12338.0
LU,2022,HEV,22587.0
LU,2022,Other,0.0
LU,2022,PHEV,3854.0
LU,2023,BEV,11048.0
LU,2023,Diesel,10265.0
LU,2023,HEV,25781.0
LU,2023,Other,1.0
LU,2023,PHEV,4806.0
LV,2015,BEV,17.0
LV,2015,Diesel,6923.0
LV,2015,HEV,7211.0
LV,2015,Other,140.0
LV,2015,PHEV,0.0
LV,2016,BEV,19.0
LV,2016,Diesel,7287.0
LV,2016,HEV,9381.0
LV,2016,Other,77.0
LV,2016,PHEV,0.0
LV,2017,BEV,41.0
LV,2017,Diesel,7446.0
LV,2017,HEV,9489.0
LV,2017,Other,78.0
LV,2018,BEV,78.0
LV,2018,Diesel,6807.0
LV,2018,HEV,10240.0
LV,2018,Other,56.0
LV,2018,PHEV,0.0
LV,2019,BEV,116.0
LV,2019,Diesel,6893.0
LV,2019,HEV,11393.0
LV,2019,Other,120.0
LV,2019,PHEV,0.0
LV,2020,BEV,351.0
LV,2020,Diesel,4870.0
LV,2020,HEV,8363.0
LV,2020,Other,106.0
LV,2020,PHEV,0.0
LV,2021,BEV,480.0
LV,2021,Diesel,3923.0
LV,2021,HEV,9935.0
LV,2021,Other,264.0
LV,2022,BEV,1069.0
LV,2022,Diesel,3445.0
LV,2022,HEV,12395.0
LV,2022,Other,320.0
LV,2022,PHEV,301.0
LV,2023,BEV,1629.0
LV,2023,Diesel,3729.0
LV,2023,HEV,13379.0
LV,2023,Other,388.0
LV,2023,PHEV,352.0
MD,2015,BEV,13.0
MD,2015,Diesel,8407.0
MD,2015,Other,1505.0
MD,2016,BEV,14.0
MD,2016,Diesel,7908.0
MD,2016,Other,1880.0
MD,2017,BEV,37.0
MD,2017,Diesel,24132.0
MD,2017,Other,4280.0
MD,2018,BEV,42.0
MD,2018,Diesel,13821.0
MD,2018,Other,3894.0
MD,2019,BEV,185.0
MD,2019,Diesel,17550.0
MD,2019,Other,5377.0
MD,2020,BEV,211.0
MD,2020,Diesel,17019.0
MD,2020,Other,4661.0
MD,2021,BEV,396.0
MD,2021,Diesel,21624.0
MD,2021,Other,7161.0
MD,2022,BEV,729.0
MD,2022,Diesel,16781.0
MD,2022,Other,5498.0
MD,2023,BEV,1012.0
MD,2023,Diesel,26266.0
MD,2023,Other,7793.0
ME,2016,Diesel,1288.0
ME,2016,HEV,999.0
ME,2016,Other,13.0
ME,2017,BEV,4.0
ME,2017,Diesel,1662.0
ME,2017,HEV,1313.0
ME,2018,BEV,1.0
ME,2018,Diesel,1599.0
ME,2018,HEV,1625.0
ME,2019,Diesel,1164.0
ME,2019,HEV,2026.0
ME,2019,Other,6.0
ME,2020,Diesel,500.0
ME,2020,HEV,596.0
ME,2021,Diesel,1181.0
ME,2021,HEV,1787.0
ME,2021,Other,22.0
ME,2022,Diesel,699.0
ME,2022,HEV,2456.0
ME,2022,Other,15.0
MT,2015,BEV,23.0
MT,2015,Diesel,2712.0
MT,2015,HEV,4421.0
MT,2015,Other,4.0
MT,2016,BEV,19.0
MT,2016,Diesel,2603.0
MT,2016,HEV,4681.0
MT,2016,Other,0.0
MT,2017,BEV,24.0
MT,2017,Diesel,2616.0
MT,2017,HEV,5136.0
MT,2017,Other,0.0
MT,2018,BEV,285.0
MT,2018,Diesel,2412.0
MT,2018,HEV,5480.0
MT,2018,Other,0.0
MT,2019,BEV,281.0
MT,2019,Diesel,2088.0
MT,2019,HEV,5341.0
MT,2019,Other,0.0
MT,2019,PHEV,0.0
MT,2020,BEV,178.0
MT,2020,Diesel,1062.0
MT,2020,HEV,3153.0
MT,2020,Other,0.0
MT,2020,PHEV,215.0
MT,2021,BEV,416.0
MT,2021,Diesel,595.0
MT,2021,HEV,3625.0
MT,2021,Other,0.0
MT,2021,PHEV,673.0
MT,2022,BEV,990.0
MT,2022,Diesel,497.0
MT,2022,HEV,3808.0
MT,2022,Other,0.0
MT,2022,PHEV,1216.0
MT,2023,BEV,1516.0
MT,2023,Diesel,724.0
MT,2023,HEV,4341.0
MT,2023,Other,0.0
MT,2023,PHEV,978.0
NL,2015,BEV,3193.0
NL,2015,Diesel,129768.0
NL,2015,HEV,56219.0
NL,2015,Other,366.0
NL,2016,BEV,3988.0
NL,2016,Diesel,72355.0
NL,2016,HEV,29916.0
NL,2016,Other,861.0
NL,2017,BEV,7958.0
NL,2017,Diesel,72265.0
NL,2017,HEV,20732.0
NL,2017,Other,1200.0
NL,2018,BEV,23985.0
NL,2018,Diesel,56996.0
NL,2018,HEV,26173.0
NL,2018,Other,971.0
NL,2019,BEV,61547.0
NL,2019,Diesel,32685.0
NL,2019,HEV,350015.0
NL,2019,Other,520.0
NL,2020,BEV,72859.0
NL,2020,Diesel,12963.0
NL,2020,HEV,252591.0
NL,2020,Other,1921.0
NL,2020,PHEV,14891.0
NL,2021,BEV,63658.0
NL,2021,Diesel,6920.0
NL,2021,HEV,218334.0
NL,2021,Other,2229.0
NL,2021,PHEV,31016.0
NL,2022,BEV,73250.0
NL,2022,Diesel,4638.0
NL,2022,HEV,197049.0
NL,2022,Other,2286.0
NL,2022,PHEV,34742.0
NL,2023,BEV,113961.0
NL,2023,Diesel,3966.0
NL,2023,HEV,202192.0
NL,2023,Other,2362.0
NL,2023,PHEV,47082.0
NO,2015,BEV,25779.0
NO,2015,Diesel,76985.0
NO,2015,Other,154.0
NO,2015,PHEV,7982.0
NO,2016,BEV,24222.0
NO,2016,Diesel,53516.0
NO,2016,HEV,63357.0
NO,2016,Other,7.0
NO,2016,PHEV,20756.0
NO,2017,BEV,33023.0
NO,2017,Diesel,44498.0
NO,2017,HEV,63325.0
NO,2017,Other,5.0
NO,2017,PHEV,29232.0
NO,2018,BEV,46091.0
NO,2018,Diesel,34305.0
NO,2018,HEV,53714.0
NO,2018,Other,8.0
NO,2018,PHEV,26574.0
NO,2019,BEV,60271.0
NO,2019,Diesel,28398.0
NO,2019,HEV,42200.0
NO,2019,Other,3.0
NO,2019,PHEV,19291.0
NO,2020,BEV,82212.0
NO,2020,Diesel,19709.0
NO,2020,HEV,26811.0
NO,2020,Other,2.0
NO,2020,PHEV,28162.0
NO,2021,BEV,116399.0
NO,2021,Diesel,11972.0
NO,2021,HEV,18221.0
NO,2021,Other,1.0
NO,2021,PHEV,38384.0
NO,2022,BEV,142504.0
NO,2022,Diesel,8148.0
NO,2022,HEV,15190.0
NO,2022,Other,0.0
NO,2022,PHEV,16176.0
NO,2023,BEV,104727.0
NO,2023,Diesel,4936.0
NO,2023,HEV,9551.0
NO,2023,Other,0.0
NO,2023,PHEV,10174.0
PL,2015,BEV,112.0
PL,2015,Diesel,120373.0
PL,2015,HEV,229489.0
PL,2015,Other,5500.0
PL,2015,PHEV,188.0
PL,2016,BEV,157.0
PL,2016,Diesel,134037.0
PL,2016,HEV,276439.0
PL,2016,Other,6500.0
PL,2016,PHEV,443.0
PL,2017,BEV,508.0
PL,2017,Diesel,139474.0
PL,2017,HEV,337989.0
PL,2017,Other,10100.0
PL,2017,PHEV,592.0
PL,2018,BEV,694.0
PL,2018,Diesel,136952.0
PL,2018,HEV,389264.0
PL,2018,Other,7500.0
PL,2018,PHEV,706.0
PL,2019,BEV,1464.0
PL,2019,Diesel,121385.0
PL,2019,HEV,428564.0
PL,2019,Other,8424.0
PL,2019,PHEV,1236.0
PL,2020,BEV,3679.0
PL,2020,Diesel,94592.0
PL,2020,HEV,329275.0
PL,2020,Other,9246.0
PL,2020,PHEV,4499.0
PL,2021,BEV,7092.0
PL,2021,Diesel,86455.0
PL,2021,HEV,349969.0
PL,2021,Other,13500.0
PL,2021,PHEV,9138.0
PL,2022,BEV,11293.0
PL,2022,Diesel,73990.0
PL,2022,HEV,328492.0
PL,2022,Other,12200.0
PL,2022,PHEV,9664.0
PL,2023,BEV,17078.0
PL,2023,Diesel,83234.0
PL,2023,HEV,370723.0
PL,2023,Other,12513.0
PL,2023,PHEV,13251.0
PT,2015,BEV,692.0
PT,2016,BEV,820.0
PT,2017,BEV,1912.0
PT,2017,Diesel,139241.0
PT,2017,HEV,79068.0
PT,2017,Other,1795.0
PT,2017,PHEV,2534.0
PT,2018,BEV,4458.0
PT,2018,Diesel,124059.0
PT,2018,HEV,94446.0
PT,2018,Other,1894.0
PT,2018,PHEV,3984.0
PT,2019,BEV,6880.0
PT,2019,Diesel,91437.0
PT,2019,HEV,119303.0
PT,2019,Other,2239.0
PT,2019,PHEV,5822.0
PT,2020,BEV,7908.0
PT,2020,Diesel,51887.0
PT,2020,HEV,75954.0
PT,2020,Other,1878.0
PT,2020,PHEV,11930.0
PT,2021,BEV,13546.0
PT,2021,Diesel,38051.0
PT,2021,HEV,82003.0
PT,2021,Other,3614.0
PT,2021,PHEV,15677.0
PT,2022,BEV,18426.0
PT,2022,Diesel,33362.0
PT,2022,HEV,90072.0
PT,2022,Other,5521.0
PT,2022,PHEV,16167.0
PT,2023,BEV,36456.0
PT,2023,Diesel,29010.0
PT,2023,HEV,101270.0
PT,2023,Other,11321.0
PT,2023,PHEV,27262.0
RO,2015,BEV,28.0
RO,2015,Diesel,44904.0
RO,2015,HEV,494.0
RO,2016,BEV,69.0
RO,2016,Diesel,48696.0
RO,2016,HEV,45482.0
RO,2017,BEV,232.0
RO,2017,Diesel,54178.0
RO,2017,HEV,51753.0
RO,2017,Other,1.0
RO,2018,BEV,604.0
RO,2018,Diesel,53371.0
RO,2018,HEV,75718.0
RO,2019,BEV,1506.0
RO,2019,Diesel,44078.0
RO,2019,HEV,115277.0
RO,2020,BEV,2844.0
RO,2020,Diesel,34963.0
RO,2020,HEV,79345.0
RO,2020,PHEV,1036.0
RO,2021,BEV,6344.0
RO,2021,Diesel,24057.0
RO,2021,HEV,75891.0
RO,2021,PHEV,2630.0
RO,2022,BEV,11638.0
RO,2022,Diesel,19178.0
RO,2022,HEV,84399.0
RO,2022,PHEV,3309.0
RO,2023,BEV,15367.0
RO,2023,Diesel,20455.0
RO,2023,HEV,92330.0
RO,2023,PHEV,2921.0
RS,2019,BEV,37.0
RS,2019,Diesel,20403.0
RS,2019,HEV,28309.0
RS,2019,Other,0.0
RS,2020,BEV,61.0
RS,2020,Diesel,16454.0
RS,2020,HEV,27781.0
RS,2020,Other,0.0
RS,2021,BEV,138.0
RS,2021,Diesel,12341.0
RS,2021,HEV,29158.0
RS,2021,Other,0.0
RS,2022,BEV,221.0
RS,2022,Diesel,11738.0
RS,2022,HEV,31175.0
RS,2022,Other,3.0
RS,2023,BEV,494.0
RS,2023,Diesel,12486.0
RS,2023,HEV,33854.0
RS,2023,Other,10.0
SE,2015,BEV,2916.0
SE,2015,Diesel,207091.0
SE,2015,HEV,140345.0
SE,2015,Other,1396.0
SE,2015,PHEV,5752.0
SE,2016,BEV,2993.0
SE,2016,Diesel,202383.0
SE,2016,HEV,168956.0
SE,2016,Other,888.0
SE,2016,PHEV,10290.0
SE,2017,BEV,4359.0
SE,2017,Diesel,192191.0
SE,2017,HEV,176191.0
SE,2017,Other,1133.0
SE,2017,PHEV,15989.0
SE,2018,BEV,7147.0
SE,2018,Diesel,138666.0
SE,2018,HEV,194828.0
SE,2018,Other,1043.0
SE,2018,PHEV,21811.0
SE,2019,BEV,15795.0
SE,2019,Diesel,123708.0
SE,2019,HEV,197344.0
SE,2019,Other,1187.0
SE,2019,PHEV,24905.0
SE,2020,BEV,27981.0
SE,2020,Diesel,67981.0
SE,2020,HEV,142190.0
SE,2020,Other,28.0
SE,2020,PHEV,65924.0
SE,2021,BEV,57590.0
SE,2021,Diesel,53988.0
SE,2021,HEV,138479.0
SE,2021,Other,1265.0
SE,2021,PHEV,77827.0
SE,2022,BEV,95371.0
SE,2022,Diesel,36432.0
SE,2022,HEV,104909.0
SE,2022,Other,2679.0
SE,2022,PHEV,66531.0
SE,2023,BEV,112321.0
SE,2023,Diesel,25820.0
SE,2023,HEV,87048.0
SE,2023,Other,0.0
SE,2023,PHEV,61069.0
SI,2015,BEV,123.0
SI,2015,Diesel,31031.0
SI,2015,HEV,29038.0
SI,2015,Other,436.0
SI,2016,BEV,151.0
SI,2016,Diesel,32589.0
SI,2016,HEV,31429.0
SI,2016,Other,721.0
SI,2017,BEV,297.0
SI,2017,Diesel,32410.0
SI,2017,HEV,38229.0
SI,2017,Other,1498.0
SI,2018,BEV,521.0
SI,2018,Diesel,23877.0
SI,2018,HEV,48240.0
SI,2018,Other,1867.0
SI,2019,BEV,695.0
SI,2019,Diesel,21499.0
SI,2019,HEV,47937.0
SI,2019,Other,2552.0
SI,2020,BEV,1720.0
SI,2020,Diesel,16918.0
SI,2020,HEV,33248.0
SI,2020,Other,1396.0
SI,2020,PHEV,39.0
SI,2021,BEV,1742.0
SI,2021,Diesel,11743.0
SI,2021,HEV,37028.0
SI,2021,Other,2708.0
SI,2021,PHEV,191.0
SI,2022,BEV,2293.0
SI,2022,Diesel,7739.0
SI,2022,HEV,32264.0
SI,2022,Other,2775.0
SI,2022,PHEV,602.0
SI,2023,BEV,4306.0
SI,2023,Diesel,7355.0
SI,2023,HEV,36290.0
SI,2023,Other,504.0
SK,2015,BEV,15.0
SK,2015,Other,0.0
SK,2016,BEV,55.0
SK,2016,Other,293.0
SK,2017,BEV,214.0
SK,2017,Other,646.0
SK,2018,BEV,301.0
SK,2018,Other,561.0
SK,2019,BEV,166.0
SK,2019,Other,239.0
SK,2020,BEV,907.0
SK,2020,Other,540.0
SK,2021,BEV,1136.0
SK,2021,Other,651.0
SK,2022,BEV,1508.0
SK,2022,Diesel,15780.0
SK,2022,HEV,61258.0
SK,2022,Other,1407.0
SK,2022,PHEV,1556.0
SK,2023,BEV,2517.0
SK,2023,Diesel,19074.0
SK,2023,HEV,65595.0
SK,2023,Other,1689.0
SK,2023,PHEV,2997.0
TR,2015,BEV,154.0
TR,2015,Diesel,462191.0
TR,2015,HEV,270834.0
TR,2015,Other,13288.0
TR,2016,BEV,77.0
TR,2016,Diesel,460829.0
TR,2016,HEV,271501.0
TR,2016,Other,13715.0
TR,2017,BEV,117.0
TR,2017,Diesel,457069.0
TR,2017,HEV,259334.0
TR,2017,Other,25391.0
TR,2017,PHEV,0.0
TR,2018,BEV,206.0
TR,2018,Diesel,320452.0
TR,2018,HEV,179234.0
TR,2018,Other,26443.0
TR,2018,PHEV,0.0
TR,2019,BEV,228.0
TR,2019,Diesel,211961.0
TR,2019,HEV,152942.0
TR,2019,Other,22545.0
TR,2019,PHEV,0.0
TR,2020,BEV,1617.0
TR,2020,Diesel,247626.0
TR,2020,HEV,320633.0
TR,2020,Other,33256.0
TR,2020,PHEV,0.0
TR,2021,BEV,3575.0
TR,2021,Diesel,149611.0
TR,2021,HEV,434181.0
TR,2021,Other,31640.0
TR,2021,PHEV,0.0
TR,2022,BEV,8312.0
TR,2022,Diesel,107792.0
TR,2022,HEV,444991.0
TR,2022,Other,11168.0
TR,2023,BEV,65558.0
TR,2023,Diesel,162855.0
TR,2023,HEV,713434.0
TR,2023,Other,13099.0
TR,2023,PHEV,0.0
UA,2019,BEV,7261.0
UA,2019,Diesel,18351.0
UA,2019,HEV,39499.0
UA,2019,Other,4.0
UA,2020,BEV,641.0
UA,2020,Diesel,29605.0
UA,2020,HEV,57965.0
UA,2020,Other,5.0
UA,2021,BEV,1210.0
UA,2021,Diesel,31099.0
UA,2021,HEV,75752.0
UA,2021,Other,2.0
UA,2022,BEV,2255.0
UA,2022,Diesel,10768.0
UA,2022,HEV,26817.0
UA,2022,Other,1.0
UA,2023,BEV,7261.0
UA,2023,Diesel,18351.0
UA,2023,HEV,39499.0
UA,2023,Other,4.0
UK,2015,BEV,10063.0
UK,2015,Diesel,1257152.0
UK,2015,HEV,1338634.0
UK,2015,Other,10.0
UK,2016,BEV,10544.0
UK,2016,Diesel,1264307.0
UK,2016,HEV,1392150.0
UK,2016,Other,2.0
UK,2017,BEV,13727.0
UK,2017,Diesel,1049086.0
UK,2017,HEV,1413058.0
UK,2017,Other,3.0
UK,2017,PHEV,34843.0
UK,2018,BEV,15579.0
UK,2018,Diesel,736172.0
UK,2018,HEV,1546194.0
UK,2018,Other,3.0
UK,2018,PHEV,43876.0
UK,2021,BEV,188143.0
UK,2021,Diesel,223460.0
UK,2021,HEV,1148540.0
UK,2021,Other,3.0
UK,2021,PHEV,112721.0
UK,2022,BEV,263197.0
UK,2022,Diesel,151936.0
UK,2022,HEV,1124110.0
UK,2022,Other,3.0
UK,2022,PHEV,99248.0
UK,2023,BEV,308941.0
UK,2023,Diesel,141438.0
UK,2023,HEV,1327054.0
UK,2023,PHEV,138346.0
XK,2017,BEV,2.0
XK,2017,Diesel,16568.0
XK,2017,HEV,2928.0
XK,2017,Other,2.0
XK,2018,BEV,1.0
XK,2018,Diesel,7714.0
XK,2018,HEV,2154.0
XK,2018,Other,0.0
XK,2018,PHEV,0.0
XK,2019,BEV,0.0
XK,2019,Diesel,22587.0
XK,2019,HEV,0.0
XK,2019,Other,0.0
XK,2019,PHEV,0.0
XK,2021,BEV,20.0
XK,2021,Diesel,24300.0
XK,2021,HEV,2874.0
XK,2021,Other,0.0
XK,2021,PHEV,6.0
